{
  "pair_count": 12,
  "metrics": {
    "AG": {
      "r2": 0.9999016939286436,
      "mae": 0.009732209860328337,
      "loo_mae": 0.013023843664148957,
      "method": "linear",
      "linear_slope": 246.26036424747272,
      "linear_intercept": 0.30374364499384754
    },
    "CC": {
      "r2": 0.99999996751678,
      "mae": 6.081579915389231e-06,
      "loo_mae": 7.737504145145327e-06,
      "method": "linear",
      "linear_slope": 1.0000088505550937,
      "linear_intercept": -5.103010840890043e-06
    },
    "EN": {
      "r2": 0.9999999984607029,
      "mae": 6.0203371658277644e-06,
      "loo_mae": 7.196601327308372e-06,
      "method": "linear",
      "linear_slope": 0.999991651742256,
      "linear_intercept": 5.4701084188479854e-05
    },
    "MI": {
      "r2": 0.21947969580298854,
      "mae": 0.11661621082416156,
      "loo_mae": 0.18758299018315802,
      "method": "isotonic",
      "linear_slope": -0.058339302220615154,
      "linear_intercept": 1.1100974973148265
    },
    "MSE": {
      "r2": 0.9998898264939762,
      "mae": 0.0002651391035695556,
      "loo_mae": 0.000318035128954242,
      "method": "linear",
      "linear_slope": 2.966864349336242,
      "linear_intercept": 0.002392664189411059
    },
    "Nabf": {
      "r2": 0.915917989221522,
      "mae": 0.0054501319085083965,
      "loo_mae": 0.006929716552041088,
      "method": "linear",
      "linear_slope": 0.3403294963104914,
      "linear_intercept": -0.0011969000108364644
    },
    "PSNR": {
      "r2": 0.031207216296171847,
      "mae": 0.8118515865143147,
      "loo_mae": 2.057505153240861,
      "method": "isotonic",
      "linear_slope": -0.02242491546118789,
      "linear_intercept": 58.66933339963541
    },
    "Qabf": {
      "r2": 0.937950568198801,
      "mae": 0.023339832063495446,
      "loo_mae": 0.02874748863047767,
      "method": "linear",
      "linear_slope": 1.5622124404258748,
      "linear_intercept": -0.4634522244922912
    },
    "SCD": {
      "r2": 0.9999999620627227,
      "mae": 4.24249387006026e-05,
      "loo_mae": 5.347179525481508e-05,
      "method": "linear",
      "linear_slope": 0.9999893634121896,
      "linear_intercept": 2.768613646564333e-05
    },
    "SD": {
      "r2": 0.999999917330899,
      "mae": 0.0018822715395815,
      "loo_mae": 0.002283010340949687,
      "method": "linear",
      "linear_slope": 255.03335332953185,
      "linear_intercept": -0.005719221741763647
    },
    "SF": {
      "r2": 0.9213158240321708,
      "mae": 0.2840871714533721,
      "loo_mae": 0.33834493205013233,
      "method": "linear",
      "linear_slope": 93.66848546983458,
      "linear_intercept": 2.3989400756322072
    },
    "SSIM": {
      "r2": 0.9922799597417356,
      "mae": 0.0029718869308215843,
      "loo_mae": 0.00363443271922372,
      "method": "linear",
      "linear_slope": 0.9115867347544404,
      "linear_intercept": 0.11695976093225913
    },
    "VIF": {
      "r2": 0.32911679384808223,
      "mae": 0.09236805849490497,
      "loo_mae": 0.1176896942097307,
      "method": "isotonic",
      "linear_slope": -2.9655841664534144,
      "linear_intercept": 2.597525594028966
    }
  }
}